[{"model": "matcher.opportunity", "pk": 3, "fields": {"description": "The California Alternative Energy and Advanced Transportation Financing Authority (CAEATFA) provides a sales and use tax exclusion for advanced manufacturers and manufacturers of alternative source and advanced transportation products, components or systems.", "value_prop": "Sales tax exemption on manufacturing equipment purchases", "application_link": "http://www.treasurer.ca.gov/caeatfa/ste/index.asp", "benefit_types": [1], "industries": [1], "purposes": [3]}}, {"model": "matcher.opportunity", "pk": 4, "fields": {"description": "Manufacturers and certain research and developers may qualify for a partial exemption of sales and use tax on certain manufacturing and research and development equipment purchases and leases.\r\n\r\nThe partial exemption rate is currently 4.1875 percent. The partial exemption provides that sales of the qualifying property sold to a qualified person be taxed at a rate of 3.3125 percent (7.50 percent current statewide tax rate \u2013 4.1875 percent partial exemption) plus any applicable district taxes.", "value_prop": "4% tax exemption for manufacturing equipment purchases", "application_link": "http://www.boe.ca.gov/sutax/manufacturing_exemptions.htm", "benefit_types": [1], "industries": [1], "purposes": [3]}}, {"model": "matcher.opportunity", "pk": 12, "fields": {"description": "MBDA's Native American Business Enterprise Center operators provide a wide range of services to clients, from initial consultations to the identification and resolution of specific business problems.", "value_prop": "Management and technical assistance", "application_link": "https://www.cfda.gov/?s=program&mode=form&tab=step1&id=16e9e0556e4036504ec24408a1b9a4d8", "benefit_types": [2], "industries": [5, 6, 7, 8, 9, 1, 2, 3, 4], "purposes": [4]}}, {"model": "matcher.opportunity", "pk": 13, "fields": {"description": "The BEA Program awards FDIC-insured depository institutions for increasing their support of CDFIs and advancing their community development activities in distressed communities.", "value_prop": "Grants for FDIC-insured lenders in distressed communities", "application_link": "https://www.cdfifund.gov/programs-training/Programs/bank_enterprise_award/Pages/default.aspx", "benefit_types": [1], "industries": [3], "purposes": []}}, {"model": "matcher.opportunity", "pk": 14, "fields": {"description": "Through the use of monetary awards and training opportunities, the CDFI Fund\u2019s Native Initiatives program creates jobs, builds businesses, and fosters economic self-determination in Native Communities nationwide.\r\n\r\nTo be eligible for a Financial Assistance award through the NACA Program, your organization must be a Certified or Certifiable CDFI, and at least 50 percent of your activities must serve Native Americans, Alaska Natives, and/or Native Hawaiian communities. Certifiable CDFIs are entities that submitted a Certification Application to the CDFI Fund by the deadline specified in the applicable Notice of Funds Availability (NOFA), but are not yet officially certified at the time of Financial Assistance application submission.", "value_prop": "Grants and support for CDFIs serving Native Communities", "application_link": "https://www.cdfifund.gov/programs-training/Programs/native-initiatives/Pages/default.aspx", "benefit_types": [1, 2], "industries": [3], "purposes": [7, 4]}}, {"model": "matcher.opportunity", "pk": 16, "fields": {"description": "The Employment Training Panel (ETP) provides funding to employers to assist in upgrading the skills of their workers through training that leads to good paying, long-term jobs. The ETP was created in 1982 by the California State Legislature and is funded by California employers through a special payroll tax. The ETP is a funding agency, not a training agency. Businesses determine their own training needs and how to provide training. ETP staff is available to assist in applying for funds and other aspects of participation.\r\n\r\nETP prioritizes small business training and is an essential resource for small employers who otherwise may have no means to train their workers. About three-fourths of all businesses served by ETP employ 250 or fewer workers; and as many as one-third employ only 20 or fewer workers\r\n\r\nETP serves small employers in two ways: 1) direct contracts with single employers, and 2) multiple employer contracts (MECs) with employer consortia, joint apprenticeship training councils, trade associations, and training agencies that train workers of multiple employers.", "value_prop": "Training for small business owners and employees", "application_link": "http://www.etp.ca.gov/", "benefit_types": [1], "industries": [], "purposes": [4]}}, {"model": "matcher.opportunity", "pk": 17, "fields": {"description": "", "value_prop": "", "application_link": "http://www.business.ca.gov/Programs/CaliforniaCompetesTaxCredit.aspx", "benefit_types": [1], "industries": [], "purposes": []}}, {"model": "matcher.opportunity", "pk": 18, "fields": {"description": "", "value_prop": "", "application_link": "http://business.ca.gov/Home/ContactUs.aspx", "benefit_types": [2], "industries": [], "purposes": []}}, {"model": "matcher.opportunity", "pk": 19, "fields": {"description": "", "value_prop": "", "application_link": "http://business.ca.gov/RelocateExpand/SiteSelection.aspx", "benefit_types": [2], "industries": [], "purposes": []}}, {"model": "matcher.opportunity", "pk": 20, "fields": {"description": "The Permit Assistance Unit provides comprehensive permit assistance and regulatory compliance statewide to all businesses in California by serving as the central source of permit guidance.\r\n\r\nThe Governor\u2019s Office of Business and Economic Development\u2019s Permit Assistance staff, combined with local and regional permitting agencies, provides permit identification and regulatory compliance assistance. The permit assistance staff acts as a neutral third-party facilitators and their service is confidential and free. A project manager may be assigned to personally guide an applicant through the permit process.\r\n\r\nKnowledgeable staff helps new business owners identify all of their permits needed to start a new or to expand an existing business. The unit schedules pre-application meetings between businesses and the appropriate regulatory agencies to help streamline the permitting process. The permit assistance staff acts as a neutral facilitator between state regulator agencies and businesses to resolve permitting issues.", "value_prop": "Advice and support for obtaining permits throughout California", "application_link": "http://business.ca.gov/Programs/Permits.aspx", "benefit_types": [2], "industries": [], "purposes": []}}, {"model": "matcher.opportunity", "pk": 21, "fields": {"description": "Goldman Sachs 10,000 Small Businesses at Long Beach City College is a program for small businesses that links learning to action.  Through the program, participants will gain practical skills in topics such as negotiation, marketing, and employee management that can immediately be put into action.  In addition, they will receive the tools and professional support to develop a strategic and customized growth plan that will take their business to the next level.\r\n\r\nAcross the U.S., 10,000 Small Businesses graduates are increasing their revenues and creating new jobs in their communities:\r\n\r\n- 63% of participants reported an increase in revenues\r\n- 47% reported creating new jobs\r\n- 76% are doing business with each other\r\n\r\nThe program has a 99% completion rate.\r\n\r\nSelected applicants will gain access to a world-class business education and connections to a professional support network at no cost.", "value_prop": "Support and networking to grow a small business", "application_link": "http://www.lbcc.edu/CAED/10000sb-about.cfm", "benefit_types": [2], "industries": [], "purposes": []}}, {"model": "matcher.opportunity", "pk": 25, "fields": {"description": "Answer a few questions about your business, hear from SBA-approved lenders within 2 business days, and receive information on free and low-cost training options.", "value_prop": "Introductions to lenders for small business loans", "application_link": "https://www.sba.gov/tools/linc", "benefit_types": [1], "industries": [5, 6, 7, 8, 9, 1, 2, 3, 4], "purposes": []}}, {"model": "matcher.opportunity", "pk": 26, "fields": {"description": "If you have suffered substantial economic injury and are one of the following types of businesses located in a declared disaster area, you may be eligible for an SBA Economic Injury Disaster Loan (EIDL).\r\n\r\nSubstantial economic injury means the business is unable to meet its obligations and to pay its ordinary and necessary operating expenses. EIDLs provide the necessary working capital to help small businesses survive until normal operations resume after a disaster.\r\n\r\nThe SBA can provide up to $2 million to help meet financial obligations and operating expenses that could have been met had the disaster not occurred. Your loan amount will be based on your actual economic injury and your company's financial needs, regardless of whether the business suffered any property damage.", "value_prop": "Loans up to $2M to recover from a disaster", "application_link": "https://www.sba.gov/loans-grants/see-what-sba-offers/sba-loan-programs/disaster-loans/types-disaster-loans/economic-injury-disaster-loans", "benefit_types": [1], "industries": [2], "purposes": [5]}}, {"model": "matcher.opportunity", "pk": 27, "fields": {"description": "The CDC/504 Loan Program provides financing for major fixed assets such as equipment or real estate.", "value_prop": "Loans up to $5M for small businesses", "application_link": "https://www.sba.gov/loans-grants/see-what-sba-offers/sba-loan-programs/real-estate-equipment-loans-cdc-504/cdc-504-loan-program-eligibility", "benefit_types": [1], "industries": [5, 6, 7, 8, 9, 1, 2, 3, 4], "purposes": [3]}}, {"model": "matcher.opportunity", "pk": 28, "fields": {"description": "SCORE offers the largest network of volunteer business mentors providing free answers to your business questions. Browse mentor profiles to find your ideal expert or ask a question and let your local chapter pair you with the right expert.", "value_prop": "One-on-one mentorship from an experienced businessperson", "application_link": "https://www.score.org/find-mentor", "benefit_types": [2], "industries": [5, 6, 7, 8, 9, 1, 2, 3, 4], "purposes": []}}, {"model": "matcher.opportunity", "pk": 30, "fields": {"description": "This loan of up to $750,000 may finance underground storage tank (UST) removal and replacement, under-dispenser containment, leak detection equipment, piping, enhanced vapor recovery, and dispensers.\r\n\r\nThis loan is designated for owners or operators of small independent UST facilities. For small business status, the applicant must employ fewer than 500 full-time and part-time employees, is not dominant in its field of operation, the principal office of the small business shall be domiciled in California, and the officers of the small business shall be domiciled in California.", "value_prop": "Loan for replacement of underground storage tanks", "application_link": "http://sbfdoc.com/programs/rust-loan/", "benefit_types": [1], "industries": [4], "purposes": []}}, {"model": "matcher.opportunity", "pk": 31, "fields": {"description": "Bonding allows small contractors to secure contracts on larger commercial projects and to bid on major public works projects. Thus, bonding can help businesses expand into other markets and become more competitive.\r\n\r\nThe purpose of this program is to encourage surety companies to issue bonds to small and emerging contractors.\r\n\r\nQualifications: Small contractor bidding on public works job with successful track record of completing similar jobs.\r\n\r\nMaximum Amount: $350,000 liability per contract.\r\n\r\nCollateral: Available business and personal assets.\r\n\r\nFees: Guaranty fee is 2.0%.", "value_prop": "Bond for small contractors bidding on public works jobs", "application_link": "http://sbfdoc.com/programs/surety-bond/", "benefit_types": [1], "industries": [4], "purposes": []}}, {"model": "matcher.opportunity", "pk": 32, "fields": {"description": "The New Employment Credit (NEC) is a California income tax credit available to employers for taxable years beginning on or after January 1, 2014, and before January 1, 2021. To obtain a credit a qualified taxpayer must hire a qualified full-time employee on or after January 1, 2014, and pay qualified wages attributable to work performed by the qualified full-time employee in a Designated Geographic Area (DGA), and receive a Tentative Credit Reservation (TCR) from the Franchise Tax Board (within 30 days of complying with the EDD new hire reporting requirement) for that qualified full-time employee. In addition, a qualified taxpayer must annually certify each qualified employee. The credit is based on 35% of qualified wages or wages between 150% (or $10 for a Pilot Area) and 350% of minimum wage. In order to generate an allowable credit, the qualified taxpayer must have a net increase in its total number of full-time employees working in California, when compared to its base year both based on annual full-time equivalents.", "value_prop": "Income tax credit for employing workers with good wages", "application_link": "https://www.ftb.ca.gov/online/New_Employment_Credit_Reservation/index.shtml", "benefit_types": [1], "industries": [], "purposes": [1]}}, {"model": "matcher.opportunity", "pk": 33, "fields": {"description": "The VAPG program helps agricultural producers enter into value-added activities related to the processing and/or marketing of bio-based, value-added products. Generating new products, creating and expanding marketing opportunities, and increasing producer income are the goals of this program. You may receive priority if you are a beginning farmer or rancher, a socially-disadvantaged farmer or rancher, a small or medium-sized farm or ranch structured as a family farm, a farmer or rancher cooperative, or are proposing a mid-tier value chain. Grants are awarded through a national competition. Each fiscal year, applications are requested through a notice published in the Federal Register and through an announcement posted on Grants.gov.\r\n\r\nMaximum Grant Amount: $75,000 for planning grants; $250,000 for working capital grants\r\nMatching Funds Requirements: 50% of total project costs", "value_prop": "Grants for agricultural producers", "application_link": "http://www.rd.usda.gov/programs-services/value-added-producer-grants", "benefit_types": [1], "industries": [2], "purposes": [7]}}, {"model": "matcher.opportunity", "pk": 34, "fields": {"description": "USDA's Farm Service Agency (FSA) provides Emergency loans to help producers who own or operate located in a county declared by the President or designated by the Secretary of Agriculture as a primary disaster area or quarantine area. All counties contiguous to the declared, designated, or quarantined primary counties also are eligible for Emergency loans.\r\n\r\nEmergency loan funds may be used to: \r\n- Restore or replace essential property\r\n- Pay all or part of production costs associated with the disaster year\r\n- Pay essential family living expenses\r\n- Reorganize the farming operation\r\n- Refinance certain debts, excluding real estate \r\n- The maximum loan amount for an Emergency loan is $500,000.", "value_prop": "Agricultural disaster recovery loans of up to $500,000", "application_link": "http://www.fsa.usda.gov/programs-and-services/farm-loan-programs/emergency-farm-loans/index", "benefit_types": [1], "industries": [2], "purposes": [5]}}, {"model": "matcher.opportunity", "pk": 35, "fields": {"description": "STEP provides financial awards to state and territory governments to assist small businesses with export development. This program's mission is to increase the number of US Small Business exporters and increase their export sales.\r\n\r\nSTEP financial support helps US small businesses:\r\n- Learn how to export\r\n- Participate in foreign trade missions and trade shows\r\n- Obtain services to support foreign market entry\r\n- Develop websites to attract foreign buyers\r\n- Design international marketing products or campaigns", "value_prop": "Assistance for small businesses setting up and expanding international exports", "application_link": "https://www.sba.gov/managing-business/exporting/step", "benefit_types": [2], "industries": [5, 6, 7, 8, 9, 1, 2, 3, 4], "purposes": [4]}}, {"model": "matcher.opportunity", "pk": 37, "fields": {"description": "The staff at the Jewish Free Loan Association welcomes your application for a small business loan. Our loan committee requires that our borrowers thoroughly consider the financial needs of their business.\r\nLoans are considered on a case-by-case basis and can be up to $15,000 maximum. Each applicant presents individual circumstances to be considered by the Loan Committee. Please note: we do not offer small business loans to nonprofit organizations.", "value_prop": "Interest-free loans for small businesses", "application_link": "https://www.jfla.org/apply-for-a-loan/", "benefit_types": [1], "industries": [], "purposes": [3, 1, 2, 4, 5]}}, {"model": "matcher.opportunity", "pk": 39, "fields": {"description": "This grant program\u2019s particular focus is to expand economic opportunities for small businesses by\r\nsupporting not-for-profit organizations which provide specialized services to small businesses citywide.\r\nIt is expected that Small Business Enhancement Program (SBEP) funds will be leveraged by recipients\r\nto enhance services to small businesses with the purpose of creating, growing, and retaining small\r\nbusinesses in San Diego. Grants are recommended by the Mayor\u2019s Small Business Advisory Board\r\npursuant to City Council Policy 900-15 and subject to allocation of funds by the City Council for this\r\nprogram within the City\u2019s budget for FY 2017.", "value_prop": "$10,000-$25,000", "application_link": "https://www.sandiego.gov/sites/default/files/fy2017_sbep_citywide_grant_app_and_guide.pdf", "benefit_types": [1], "industries": [5, 6, 7, 8, 9, 1, 2, 3, 4], "purposes": [7]}}, {"model": "matcher.opportunity", "pk": 40, "fields": {"description": "The Business & Industry Incentive Program (created by PDF icon San Diego City Council Policy 900-12) serves as the City's primary economic development platform. Its incentives are typically combined with those from other City special incentive programs.\r\n\r\nBusinesses are eligible for financial incentives if they meet one of the following criteria: (1) provide significant revenues and/or jobs; (2) promote the stability and growth of City taxes and other revenue; (3) construct appropriate development in older parts of the City; or, (4) are being induced by other jurisdictions to relocate from San Diego. These incentives may include:\r\n\r\nproject advocacy, due diligence, and streamlined ministerial and discretionary permit review processes.\r\nreimbursement of all or a portion of building and/or development-related fees.", "value_prop": "Tax credit, rebate or reducing water and sewer capacity charges.", "application_link": "http://docs.sandiego.gov/councilpolicies/cpd_900-12.pdf", "benefit_types": [1], "industries": [5, 6, 7, 8, 9, 1, 2, 3, 4], "purposes": [9]}}, {"model": "matcher.opportunity", "pk": 41, "fields": {"description": "The City's Business Cooperation Program lowers the cost of doing business in San Diego and prevents the annual loss of millions of dollars in sales and use tax revenue, due to misallocation. These losses include taxes paid by San Diego purchasers and sales taxes collected by firms operating in San Diego.", "value_prop": "The Business Cooperation Program can provide a tax rebate of up to 50% of the local 1% sales or use tax paid in connection with San Diego-based operations.", "application_link": "https://www.sandiego.gov/economic-development/industry/retention/cooperation", "benefit_types": [1], "industries": [5, 6, 7, 8, 9, 1, 2, 3, 4], "purposes": [9]}}, {"model": "matcher.opportunity", "pk": 42, "fields": {"description": "The Guaranteed Water for Industry Program was created to provide an uninterruptible supply of water for manufacturing and R&D firms, many of whom are highly dependent on water for industrial processing and cooling needs. \"Certified\" water customers are \"exempt\" from mandatory water conservation measures in the event of a drought (\"water warning\") situation and must use reclaimed water to the extent possible in their manufacturing areas, cooling towers, and/or other uses, plus implement \"Best Management Practices for Potable Water Conservation.\"", "value_prop": "discounted monthly rates for reclaimed water usage; a possible one-time cost savings on water capacity charges.", "application_link": "https://www.sandiego.gov/economic-development/industry/retention/guaranteedwater", "benefit_types": [1], "industries": [1], "purposes": [9]}}, {"model": "matcher.opportunity", "pk": 43, "fields": {"description": "In 2007, the City launched a Clean Technology (Cleantech) Initiative in an effort to promote the expansion, attraction and retention of businesses that develop products and technologies that provide environmentally sustainable solutions. Clean technologies enable a more valuable use of natural resources and reduce ecological impacts to the region. The Initiative seeks to develop an emerging cluster that will create new job opportunities in these emerging industries.", "value_prop": "More valuable use of natural resources and reduce ecological impacts", "application_link": "https://www.sandiego.gov/economic-development/industry/cleantech", "benefit_types": [1], "industries": [5, 6, 7, 8, 9, 1, 2, 3], "purposes": [1]}}, {"model": "matcher.opportunity", "pk": 44, "fields": {"description": "Grant monies are still available. The assessment grants provide funding to:\r\n\r\nCharacterize eligible sites and identify past uses through the completion of a Phase I Environmental Site Assessment and to determine the likelihood of the presence of environmental contamination at the site;\r\n\r\nConduct additional on-site investigations through a Phase II Environmental Site Assessment to determine whether contaminants are present typically through the collection and analysis of soil samples;\r\n\r\nPrepare a site Remediation Plan including its submission to and review by the appropriate governmental agencies; and\r\n\r\nInform and engage the community.", "value_prop": "The $400,000 grant is being used to conduct environmental assessment studies for petroleum and hazardous substances.", "application_link": "https://www.sandiego.gov/economic-development/industry/brownfieldassessgrant", "benefit_types": [1], "industries": [5, 6, 7, 8, 9, 1, 2, 3], "purposes": [7]}}, {"model": "matcher.opportunity", "pk": 45, "fields": {"description": "Large and small companies alike use the Foreign-Trade Zones Program: 70% of users are small businesses. These companies defer, reduce or eliminate U.S. Customs duties and fees. Such companies include importers, manufacturers, distributors, assemblers of products, and exporters of imported merchandise and/or products containing imported merchandise. \r\n\r\nA company begins the application process by contacting the Grantee (City of San Diego). After site approval by the FTZ Board and completion of the U.S. Customs and Border Protection application process which includes background investigations, the company can start FTZ operations upon activation by U.S. Customs.", "value_prop": "Reductions in fees and duties", "application_link": "https://www.sandiego.gov/economic-development/sandiego/trade/tradezone", "benefit_types": [1], "industries": [8, 9, 1], "purposes": [7]}}, {"model": "matcher.opportunity", "pk": 46, "fields": {"description": "The State of California's New Employment Credit (NEC) affords San Diego businesses an opportunity to capture valuable tax credits intended to leverage against their annual state income tax liability. In part, the NEC allows qualifying companies to potentially capture up to $56,000 in tax credits (per qualified employee) for hiring individuals in traditionally difficult to employ categories; such as recently discharged veterans, ex-offenders, long-term unemployed, and public assistance recipients.", "value_prop": "Tax credit", "application_link": "https://www.sandiego.gov/economic-development/industry/enterprisezones", "benefit_types": [1], "industries": [5, 6, 7, 8, 9, 1, 2, 3], "purposes": [9]}}, {"model": "matcher.opportunity", "pk": 47, "fields": {"description": "The Partial Sales Tax Exemption Program affords businesses a 4.19% state sales tax exemption for qualifying manufacturing equipment purchases statewide; resulting in an immediate, direct cost benefit for company at the time qualifying equipment is purchased. The program is administered by state of California Board of Equalization (BOE).", "value_prop": "Affords 4.19% State sales & use tax exemption for qualifying equipment purchases statewide.", "application_link": "https://www.sandiego.gov/economic-development/industry/enterprisezones", "benefit_types": [1], "industries": [6, 1, 4], "purposes": [9]}}, {"model": "matcher.opportunity", "pk": 48, "fields": {"description": "Certain San Diego businesses may be eligible to receive expedited plan check services involving building permit processing such as tenant improvements.", "value_prop": "Expedited plan check", "application_link": "https://www.sandiego.gov/economic-development/industry/enterprisezones", "benefit_types": [2], "industries": [5, 6, 7, 8, 9, 1, 2, 3, 4], "purposes": [6]}}, {"model": "matcher.opportunity", "pk": 49, "fields": {"description": "An interactive map to assist entrepreneurs with identifying local incubators/accelerators and co-working spaces in the City of San Diego. Startups looking for office space, business mentoring, investment, and other valuable resources can easily find this information on the interacting map. Local entrepreneurs have access to detailed descriptions of the organizations' programs and services as well as relevant contact information.", "value_prop": "Office space, business mentoring and investment", "application_link": "https://www.sandiego.gov/economic-development/industry/incubatorsaccelerators", "benefit_types": [2], "industries": [5, 7, 4], "purposes": [4]}}, {"model": "matcher.opportunity", "pk": 50, "fields": {"description": "Our mission is to support and promote East Village businesses by establishing our community as San Diego\u2019s livable urban village.", "value_prop": "Develop marketing campaigns, increase awareness, and enhance public improvement projects.", "application_link": "http://eastvillagesandiego.com/", "benefit_types": [2], "industries": [5, 6, 7, 8, 9, 1, 2, 3, 4], "purposes": []}}, {"model": "matcher.opportunity", "pk": 51, "fields": {"description": "The mission of the Adams Avenue Business Association is to promote and increase commercial activity within the Business Improvement District", "value_prop": "Event Planning, Marketing, Member Relations", "application_link": "http://www.adamsavenuebusiness.com/", "benefit_types": [2], "industries": [5, 6, 7, 8, 9, 1, 2, 3, 4], "purposes": []}}, {"model": "matcher.opportunity", "pk": 52, "fields": {"description": "The City Heights Business Association (CHBA) was formed July 2003 as a 501(c) 6 nonprofit mutual benefit corporation to enhance the growth and improvement of City Heights as an international marketplace, to create partnerships between business and property owners that promote economic revitalization and combat deterioration in the community, and to administer the City Heights Business Improvement District and City Heights Maintenance Assessment District under contract with the City of San Diego.", "value_prop": "The City Heights Business Association administers programs and services that focus on the needs of the businesses, property owners, costumers, and residents of City Heights", "application_link": "http://www.cityheightsba.org/", "benefit_types": [2], "industries": [5, 6, 7, 8, 9, 1, 2, 3, 4], "purposes": []}}, {"model": "matcher.opportunity", "pk": 53, "fields": {"description": "The College Area Economic Development Corporation, commonly known as \u201cCollege Area Business District\u201d is a 501(c)3 non-profit corporation. We serve as a small business advocacy organization meeting the needs of the business owners and commercial property owners in our district.", "value_prop": "Small business advocacy", "application_link": "http://collegeareabid.com/", "benefit_types": [2], "industries": [5, 6, 7, 8, 9, 1, 2, 3, 4], "purposes": []}}, {"model": "matcher.opportunity", "pk": 54, "fields": {"description": "The purpose of the City\u2019s Storefront Improvement Program (SIP) is to help small businesses grow and succeed. The program was created in 1986, is housed in the Economic Development Department, and is designed to enhance and revitalize older commercial neighborhoods throughout the City of San Diego. By stimulating private investment and customer patronage, the SIP adds value to the local economy and enhances the community experience.", "value_prop": "Design review assistance; up to one-half of the construction costs up to a maximum of $8,000", "application_link": "https://www.sandiego.gov/sites/default/files/sip_application_0.pdf", "benefit_types": [1, 2], "industries": [5, 6, 7, 8, 9, 1, 2, 3, 4], "purposes": [7, 11]}}, {"model": "matcher.opportunity", "pk": 55, "fields": {"description": "Small Business Loans between $300 to $75,000 with a character based approval process that looks beyond credit score.\r\n\r\nWorkshops and Events specially tailored toward the needs and questions of small business owners and entrepreneurs.\r\n\r\nSmall Business Resources including educational resources and referrals to small business counselors and other non-profit partners.", "value_prop": "Loans between $300 - 75,000; education and training", "application_link": "http://www.accionsandiego.org/", "benefit_types": [1, 2], "industries": [5, 6, 7, 8, 9, 1, 2, 3, 4], "purposes": [4, 8]}}, {"model": "matcher.opportunity", "pk": 56, "fields": {"description": "Our mission is to support neighborhood revitalization efforts by assisting community groups through financing, grants, loans and equity capital, in addition to technical and management assistance, training opportunities, and additional resources.", "value_prop": "Range of finance and assistance programs", "application_link": "http://programs.lisc.org/san_diego/what_we_do/index.php", "benefit_types": [1, 2], "industries": [5, 6, 7, 8, 9, 1, 2, 3, 4], "purposes": [7, 4, 8]}}, {"model": "matcher.opportunity", "pk": 57, "fields": {"description": "The chapter participates in community and philanthropic events on an ongoing basis. The San Diego education committee has supported projects such as the ROP culinary arts program at inner city schools, the Hospitality + Tourism Management program at San Diego State University and school garden projects at local elementary school.\r\n\r\nIt also organizes San Diego Restaurant Week, introducing the community to local restaurants and showcasing the industry's talent.", "value_prop": "Promotion and assistance", "application_link": "http://www.calrest.org/san-diego.html", "benefit_types": [2], "industries": [5], "purposes": []}}, {"model": "matcher.opportunity", "pk": 58, "fields": {"description": "Civic San Diego is a result-driven entrepreneurial partner leading in innovation. The core Civic SD strategy is to build public private partnerships and to use leveraged financing to:\r\n\r\nAdvance community goals through public improvements\r\nProvide affordable housing, mixed use and transit oriented development\r\nFoster livable communities and healthy neighborhoods\r\nNurture small business and stimulate job creation", "value_prop": "public/private partnerships necessary for redevelopment,  strategic planning, urban design, property acquisition and relocation programs, public improvements and public financing for Downtown projects", "application_link": "http://www.civicsd.com/sign-up-for-ccdc-alerts.html", "benefit_types": [2], "industries": [5, 6, 7, 8, 9, 1, 2, 3, 4], "purposes": [7, 2, 6]}}, {"model": "matcher.opportunity", "pk": 59, "fields": {"description": "Tech Coast Angels is actively seeking great startups to fund. Providing more than just money, TCA brings connections, knowledge, mentoring and operational assistance to bold early-stage entrepreneurs with game-changing ideas.\r\nLet us help you to turn your vision into a sustainable and successful business.", "value_prop": "Funding, mentoring, networking and operational assistance", "application_link": "https://www.techcoastangels.com/", "benefit_types": [1], "industries": [5, 6, 7, 8, 9, 1, 2, 3, 4], "purposes": [4, 8]}}, {"model": "matcher.opportunity", "pk": 60, "fields": {"description": "We serve local companies by providing assistance with expansion plans, programs to help retain business and advocating for policies that enhance the region's economic competitiveness. We lead attraction efforts to bring new investment and new companies to the region. We market the region to highlight the top-tier talent available in San Diego and the quality of life that keeps them here. We collaborate with industry associations and economic development partners to develop cohesive approaches to regional issues.", "value_prop": "Support services, access, research, advocacy, positioning", "application_link": "http://www.sandiegobusiness.org/about/contact", "benefit_types": [2], "industries": [5, 6, 7, 8, 9, 1, 2, 3, 4], "purposes": [4]}}, {"model": "wealthmap.industry", "pk": 1, "fields": {"created_at": "2016-07-18T19:55:13.802Z", "updated_at": "2016-07-18T19:55:13.802Z", "creator": 1, "name": "Manufacturing", "order": 6}}, {"model": "wealthmap.industry", "pk": 2, "fields": {"created_at": "2016-07-18T20:40:16.331Z", "updated_at": "2016-07-18T20:40:16.331Z", "creator": 1, "name": "Agriculture", "order": 7}}, {"model": "wealthmap.industry", "pk": 3, "fields": {"created_at": "2016-07-18T20:40:16.331Z", "updated_at": "2016-07-18T20:40:16.331Z", "creator": 1, "name": "Finance", "order": 8}}, {"model": "wealthmap.industry", "pk": 4, "fields": {"created_at": "2016-07-18T20:40:24.986Z", "updated_at": "2016-07-18T20:40:24.986Z", "creator": 1, "name": "Other", "order": 9}}, {"model": "wealthmap.industry", "pk": 5, "fields": {"created_at": "2016-10-25T21:31:30.941Z", "updated_at": "2016-10-25T21:33:13.923Z", "creator": 1, "name": "Food and Beverage", "order": 1}}, {"model": "wealthmap.industry", "pk": 6, "fields": {"created_at": "2016-10-25T21:31:46.342Z", "updated_at": "2016-10-25T21:33:23.757Z", "creator": 1, "name": "Aerospace and Defense", "order": 2}}, {"model": "wealthmap.industry", "pk": 7, "fields": {"created_at": "2016-10-25T21:31:58.678Z", "updated_at": "2016-10-25T21:33:26.851Z", "creator": 1, "name": "Information Technology", "order": 3}}, {"model": "wealthmap.industry", "pk": 8, "fields": {"created_at": "2016-10-25T21:32:08.282Z", "updated_at": "2016-10-25T21:33:32.115Z", "creator": 1, "name": "Distribution", "order": 4}}, {"model": "wealthmap.industry", "pk": 9, "fields": {"created_at": "2016-10-25T21:32:20.917Z", "updated_at": "2016-10-25T21:33:37.035Z", "creator": 1, "name": "Maritime", "order": 5}}, {"model": "wealthmap.purpose", "pk": 1, "fields": {"created_at": "2016-07-18T19:55:22.422Z", "updated_at": "2016-10-25T21:37:10.128Z", "creator": 1, "name": "Workforce Development", "order": 3}}, {"model": "wealthmap.purpose", "pk": 2, "fields": {"created_at": "2016-07-18T22:10:18.892Z", "updated_at": "2016-07-18T22:10:18.892Z", "creator": 1, "name": "Relocation", "order": 4}}, {"model": "wealthmap.purpose", "pk": 3, "fields": {"created_at": "2016-07-18T22:10:18.892Z", "updated_at": "2016-10-25T21:36:43.030Z", "creator": 1, "name": "Equipment Purchases", "order": 2}}, {"model": "wealthmap.purpose", "pk": 4, "fields": {"created_at": "2016-07-18T22:10:18.892Z", "updated_at": "2016-10-25T21:37:46.557Z", "creator": 1, "name": "Training", "order": 6}}, {"model": "wealthmap.purpose", "pk": 5, "fields": {"created_at": "2016-07-18T22:10:18.892Z", "updated_at": "2016-10-25T21:37:21.498Z", "creator": 1, "name": "Disaster Recovery", "order": 7}}, {"model": "wealthmap.purpose", "pk": 6, "fields": {"created_at": "2016-07-18T22:10:18.892Z", "updated_at": "2016-07-18T22:10:18.892Z", "creator": 1, "name": "Construction/Remodeling", "order": 5}}, {"model": "wealthmap.purpose", "pk": 7, "fields": {"created_at": "2016-10-25T21:38:03.076Z", "updated_at": "2016-10-25T21:38:06.951Z", "creator": 1, "name": "Grants", "order": 1}}, {"model": "wealthmap.purpose", "pk": 8, "fields": {"created_at": "2016-10-25T21:38:17.802Z", "updated_at": "2016-10-25T21:38:17.802Z", "creator": 1, "name": "Business Loans", "order": 8}}, {"model": "wealthmap.purpose", "pk": 9, "fields": {"created_at": "2016-10-25T21:38:33.090Z", "updated_at": "2016-10-25T21:38:33.090Z", "creator": 1, "name": "Tax Credits", "order": 9}}, {"model": "wealthmap.purpose", "pk": 11, "fields": {"created_at": "2016-10-28T19:23:50.978Z", "updated_at": "2016-10-28T19:23:50.978Z", "creator": 1, "name": "Reimbursement", "order": 10}}, {"model": "wealthmap.benefittype", "pk": 1, "fields": {"created_at": "2016-07-18T19:55:06.780Z", "updated_at": "2016-07-18T19:55:06.780Z", "creator": 1, "name": "Money", "order": 1}}, {"model": "wealthmap.benefittype", "pk": 2, "fields": {"created_at": "2016-07-18T22:10:04.454Z", "updated_at": "2016-10-25T21:41:42.530Z", "creator": 1, "name": "Assistance", "order": 2}}, {"model": "wealthmap.agencyprovider", "pk": 1, "fields": {"name": "Long Beach, California"}}, {"model": "wealthmap.agencyprovider", "pk": 2, "fields": {"name": "California State"}}, {"model": "wealthmap.agencyprovider", "pk": 3, "fields": {"name": "United States Federal"}}, {"model": "wealthmap.agencyprovider", "pk": 4, "fields": {"name": "Los Angeles County"}}, {"model": "wealthmap.agencyprovider", "pk": 5, "fields": {"name": "San Diego"}}, {"model": "wealthmap.agency", "pk": 1, "fields": {"created_at": "2016-07-18T19:55:59.152Z", "updated_at": "2016-10-11T21:34:18.256Z", "creator": 1, "name": "USDA", "phone": "", "fax": "", "email": "", "street_address": "", "url": "http://www.usda.gov/", "provider": 3}}, {"model": "wealthmap.agency", "pk": 2, "fields": {"created_at": "2016-07-18T19:55:59.152Z", "updated_at": "2016-10-11T21:33:58.050Z", "creator": 1, "name": "4th Street BID", "phone": "", "fax": "", "email": "", "street_address": "", "url": "", "provider": 1}}, {"model": "wealthmap.agency", "pk": 3, "fields": {"created_at": "2016-07-18T19:55:59.152Z", "updated_at": "2016-10-11T21:33:50.469Z", "creator": 1, "name": "Bixby Knolls BID", "phone": "", "fax": "", "email": "", "street_address": "", "url": "http://bixbyknollsinfo.com/", "provider": 1}}, {"model": "wealthmap.agency", "pk": 4, "fields": {"created_at": "2016-07-18T19:55:59.152Z", "updated_at": "2016-10-11T21:33:43.913Z", "creator": 1, "name": "California Alternative Energy and Advanced Transportation Financing Authority (CAEATFA)", "phone": "", "fax": "", "email": "", "street_address": "", "url": "http://www.boe.ca.gov/sutax/gme.htm", "provider": 2}}, {"model": "wealthmap.agency", "pk": 5, "fields": {"created_at": "2016-07-18T19:55:59.152Z", "updated_at": "2016-10-11T21:32:36.569Z", "creator": 1, "name": "California State Board of Equalization", "phone": "", "fax": "", "email": "", "street_address": "", "url": "http://www.boe.ca.gov/", "provider": 2}}, {"model": "wealthmap.agency", "pk": 6, "fields": {"created_at": "2016-07-18T19:55:59.152Z", "updated_at": "2016-10-11T21:31:50.911Z", "creator": 1, "name": "City of Long Beach", "phone": "", "fax": "", "email": "", "street_address": "", "url": "http://www.longbeach.gov/", "provider": 1}}, {"model": "wealthmap.agency", "pk": 7, "fields": {"created_at": "2016-07-18T19:55:59.152Z", "updated_at": "2016-10-11T21:31:41.980Z", "creator": 1, "name": "Department of Commerce", "phone": "", "fax": "", "email": "", "street_address": "", "url": "https://www.commerce.gov/", "provider": 3}}, {"model": "wealthmap.agency", "pk": 8, "fields": {"created_at": "2016-07-18T19:55:59.152Z", "updated_at": "2016-10-11T21:31:06.558Z", "creator": 1, "name": "Dept of the Treasury - CDFI Fund", "phone": "", "fax": "", "email": "", "street_address": "", "url": "https://www.cdfifund.gov", "provider": 3}}, {"model": "wealthmap.agency", "pk": 9, "fields": {"created_at": "2016-07-18T19:55:59.152Z", "updated_at": "2016-10-11T21:28:52.639Z", "creator": 1, "name": "Downtown Long Beach Association (DLBA)", "phone": "", "fax": "", "email": "", "street_address": "", "url": "http://www.downtownlongbeach.org/", "provider": 1}}, {"model": "wealthmap.agency", "pk": 10, "fields": {"created_at": "2016-07-18T19:55:59.152Z", "updated_at": "2016-10-11T21:28:45.201Z", "creator": 1, "name": "Employment Training Panel", "phone": "", "fax": "", "email": "", "street_address": "", "url": "http://www.etp.ca.gov/", "provider": 2}}, {"model": "wealthmap.agency", "pk": 11, "fields": {"created_at": "2016-07-18T19:55:59.152Z", "updated_at": "2016-10-11T21:28:16.936Z", "creator": 1, "name": "GO-Biz", "phone": "", "fax": "", "email": "", "street_address": "", "url": "http://business.ca.gov/", "provider": 2}}, {"model": "wealthmap.agency", "pk": 12, "fields": {"created_at": "2016-07-18T19:55:59.152Z", "updated_at": "2016-10-11T21:27:34.073Z", "creator": 1, "name": "Goldman Sachs", "phone": "", "fax": "", "email": "", "street_address": "", "url": "http://www.lbcc.edu/CAED/10000sb-about.cfm", "provider": 4}}, {"model": "wealthmap.agency", "pk": 13, "fields": {"created_at": "2016-07-18T19:55:59.152Z", "updated_at": "2016-10-11T21:26:34.965Z", "creator": 1, "name": "Cambodia Town BID", "phone": "", "fax": "", "email": "", "street_address": "", "url": "", "provider": 1}}, {"model": "wealthmap.agency", "pk": 14, "fields": {"created_at": "2016-07-18T19:55:59.152Z", "updated_at": "2016-10-11T21:26:27.744Z", "creator": 1, "name": "OpenCounter", "phone": "", "fax": "", "email": "", "street_address": "", "url": "https://long-beach.opencounter.com/", "provider": 1}}, {"model": "wealthmap.agency", "pk": 15, "fields": {"created_at": "2016-07-18T19:55:59.152Z", "updated_at": "2016-10-11T21:26:11.672Z", "creator": 1, "name": "Port of Long Beach", "phone": "", "fax": "", "email": "", "street_address": "", "url": "http://www.polb.com/", "provider": 1}}, {"model": "wealthmap.agency", "pk": 16, "fields": {"created_at": "2016-07-18T19:55:59.152Z", "updated_at": "2016-10-11T21:25:57.201Z", "creator": 1, "name": "SBA", "phone": "", "fax": "", "email": "", "street_address": "", "url": "https://www.sba.gov/", "provider": 3}}, {"model": "wealthmap.agency", "pk": 17, "fields": {"created_at": "2016-07-18T19:55:59.152Z", "updated_at": "2016-10-11T21:25:46.929Z", "creator": 1, "name": "SCORE", "phone": "", "fax": "", "email": "", "street_address": "", "url": "", "provider": 3}}, {"model": "wealthmap.agency", "pk": 18, "fields": {"created_at": "2016-07-18T19:55:59.152Z", "updated_at": "2016-10-11T21:24:05.645Z", "creator": 1, "name": "Small Business Development Center (SBDC)", "phone": "", "fax": "", "email": "", "street_address": "", "url": "", "provider": 3}}, {"model": "wealthmap.agency", "pk": 19, "fields": {"created_at": "2016-07-18T19:55:59.152Z", "updated_at": "2016-10-11T21:23:39.640Z", "creator": 1, "name": "Small Business Financial Development Corporation (SBFDC)", "phone": "", "fax": "", "email": "", "street_address": "", "url": "", "provider": 2}}, {"model": "wealthmap.agency", "pk": 20, "fields": {"created_at": "2016-07-18T19:55:59.152Z", "updated_at": "2016-10-11T21:22:00.879Z", "creator": 1, "name": "State of California Franchise Tax Board", "phone": "", "fax": "", "email": "", "street_address": "", "url": "", "provider": 2}}, {"model": "wealthmap.agency", "pk": 21, "fields": {"created_at": "2016-08-05T22:23:30.836Z", "updated_at": "2016-10-11T21:20:25.562Z", "creator": 1, "name": "Jewish Free Loan Association", "phone": "(323) 761-8830", "fax": "(323) 761-8841", "email": "info@jfla.org", "street_address": "6505 Wilshire Boulevard, Suite 715, Los Angeles, CA 90048", "url": "https://www.jfla.org", "provider": 4}}, {"model": "wealthmap.agency", "pk": 22, "fields": {"created_at": "2016-08-05T22:29:25.344Z", "updated_at": "2016-10-11T21:19:34.170Z", "creator": 1, "name": "Pacific Asian Consortium in Employment (PACE)", "phone": "(213) 898-3251", "fax": "", "email": "", "street_address": "1055 Wilshire Boulevard, Ste. 900B, Los Angeles, CA 90117", "url": "http://www.pacela.org", "provider": 4}}, {"model": "wealthmap.agency", "pk": 23, "fields": {"created_at": "2016-10-26T23:12:01.879Z", "updated_at": "2016-10-26T23:12:01.879Z", "creator": 1, "name": "City of San Diego Economic Development", "phone": "619-236-6700", "fax": "", "email": "ksulllivan@sandiego.gov", "street_address": "The City of San Diego\r\nEconomic Development Department\r\nRE: SBEP Application/Time Sensitive\r\n1200 Third Avenue, Suite 1400, MS-56D\r\nSan Diego, CA 92101", "url": "https://www.sandiego.gov/economic-development/", "provider": 5}}, {"model": "wealthmap.agency", "pk": 24, "fields": {"created_at": "2016-10-27T22:36:45.062Z", "updated_at": "2016-10-27T22:36:45.062Z", "creator": 1, "name": "East Village Association Inc.", "phone": "619-546-5636", "fax": "", "email": "EVA@EastVillageSanDiego.com", "street_address": "East Village Association, Inc. \r\n1041 Market St. #200\r\nSan Diego, CA 92101", "url": "http://eastvillagesandiego.com/contact-us/", "provider": 5}}, {"model": "wealthmap.agency", "pk": 25, "fields": {"created_at": "2016-10-27T22:40:47.444Z", "updated_at": "2016-10-27T22:40:47.444Z", "creator": 1, "name": "Adams Avenue Business Association", "phone": "619-282-7329", "fax": "", "email": "scott@adamsavenuebusiness.com", "street_address": "4649 Hawley Blvd\r\nSan Diego, CA 92116", "url": "http://www.adamsavenuebusiness.com/contact-us/", "provider": 5}}, {"model": "wealthmap.agency", "pk": 26, "fields": {"created_at": "2016-10-27T22:51:19.030Z", "updated_at": "2016-10-27T22:51:19.030Z", "creator": 1, "name": "City Heights Business Association", "phone": "619-906-4443", "fax": "", "email": "public@cityheightsba.org", "street_address": "4305 University Avenue, Suite 540\r\nSan Diego, CA 92105", "url": "http://www.cityheightsba.org/", "provider": 5}}, {"model": "wealthmap.agency", "pk": 27, "fields": {"created_at": "2016-10-27T22:59:14.263Z", "updated_at": "2016-10-27T22:59:14.263Z", "creator": 1, "name": "College Area Business District", "phone": "(619) 582-1093", "fax": "(619 )582-1293", "email": "", "street_address": "4704 College Avenue\r\nSan Diego, CA 92115", "url": "http://collegeareabid.com/yriwfnbt.html", "provider": 5}}, {"model": "wealthmap.agency", "pk": 28, "fields": {"created_at": "2016-10-28T19:41:18.066Z", "updated_at": "2016-10-28T19:41:18.066Z", "creator": 1, "name": "Accion", "phone": "(619) 795-7250", "fax": "(619) 795-7260", "email": "info@accionsandiego.org", "street_address": "404 Euclid Ave #271, San Diego, CA 92114", "url": "http://www.accionsandiego.org", "provider": 5}}, {"model": "wealthmap.agency", "pk": 29, "fields": {"created_at": "2016-10-31T15:06:12.794Z", "updated_at": "2016-10-31T15:06:12.794Z", "creator": 1, "name": "LISC", "phone": "(619) 528-9058", "fax": "(619) 528-9060", "email": "sandiego@lisc.org", "street_address": "4305 University Ave, #420\r\nSan Diego, CA 92105", "url": "http://programs.lisc.org/san_diego/what_we_do/index.php", "provider": 5}}, {"model": "wealthmap.agency", "pk": 30, "fields": {"created_at": "2016-10-31T15:15:20.146Z", "updated_at": "2016-10-31T15:15:20.146Z", "creator": 1, "name": "California Restaurant Assoication", "phone": "619-297-8202", "fax": "", "email": "", "street_address": "", "url": "http://www.calrest.org/san-diego.html", "provider": 5}}, {"model": "wealthmap.agency", "pk": 31, "fields": {"created_at": "2016-10-31T15:19:40.691Z", "updated_at": "2016-10-31T15:19:40.691Z", "creator": 1, "name": "Civic San Diego", "phone": "619.235.2200", "fax": "619.236.9148", "email": "", "street_address": "", "url": "http://www.civicsd.com/sign-up-for-ccdc-alerts.html", "provider": 5}}, {"model": "wealthmap.agency", "pk": 32, "fields": {"created_at": "2016-10-31T15:24:33.183Z", "updated_at": "2016-10-31T15:24:33.183Z", "creator": 1, "name": "Tech Coast Angels", "phone": "", "fax": "", "email": "", "street_address": "", "url": "https://www.techcoastangels.com/", "provider": 5}}, {"model": "wealthmap.agency", "pk": 33, "fields": {"created_at": "2016-10-31T15:29:12.499Z", "updated_at": "2016-10-31T15:29:12.500Z", "creator": 1, "name": "San Diego Regional Economic Development Corporation", "phone": "(619) 234-8484", "fax": "", "email": "info@sandiegobusiness.org", "street_address": "530 B. Street, 7th Floor\r\nSan Diego, CA 92101", "url": "http://www.sandiegobusiness.org/", "provider": 5}}, {"model": "wealthmap.opportunity", "pk": 3, "fields": {"created_at": "2016-07-18T19:55:59.152Z", "updated_at": "2016-07-20T16:59:40.892Z", "creator": 1, "title": "Sales and Use Tax Exclusion \u2013 Advanced Manufacturing & Transportation and Alternative Energy", "personal_investment": true, "existing_business": null, "small_business": false, "agency": 4, "benefit_types": [1], "industries": [1], "purposes": [3]}}, {"model": "wealthmap.opportunity", "pk": 4, "fields": {"created_at": "2016-07-18T19:55:59.152Z", "updated_at": "2016-07-20T00:52:31.238Z", "creator": 1, "title": "Manufacturing and Research & Development Equipment Exemption", "personal_investment": true, "existing_business": null, "small_business": false, "agency": 5, "benefit_types": [1], "industries": [1], "purposes": [3]}}, {"model": "wealthmap.opportunity", "pk": 12, "fields": {"created_at": "2016-07-18T19:55:59.152Z", "updated_at": "2016-11-07T21:46:28.357Z", "creator": 1, "title": "Native American Business Enterprise Centers (NABEC)", "personal_investment": false, "existing_business": null, "small_business": false, "agency": 7, "benefit_types": [2], "industries": [5, 6, 7, 8, 9, 1, 2, 3, 4], "purposes": [4]}}, {"model": "wealthmap.opportunity", "pk": 13, "fields": {"created_at": "2016-07-18T19:55:59.152Z", "updated_at": "2016-07-20T00:41:14.564Z", "creator": 1, "title": "Bank Enterprise Award", "personal_investment": false, "existing_business": null, "small_business": false, "agency": 8, "benefit_types": [1], "industries": [3], "purposes": []}}, {"model": "wealthmap.opportunity", "pk": 14, "fields": {"created_at": "2016-07-18T19:55:59.152Z", "updated_at": "2016-11-07T21:52:34.263Z", "creator": 1, "title": "Native Initiatives", "personal_investment": false, "existing_business": "existing", "small_business": false, "agency": 8, "benefit_types": [1, 2], "industries": [3], "purposes": [7, 4]}}, {"model": "wealthmap.opportunity", "pk": 16, "fields": {"created_at": "2016-07-18T19:55:59.152Z", "updated_at": "2016-07-20T00:36:30.197Z", "creator": 1, "title": "Small Business Program (SBP)", "personal_investment": false, "existing_business": null, "small_business": true, "agency": 10, "benefit_types": [1], "industries": [], "purposes": [4]}}, {"model": "wealthmap.opportunity", "pk": 17, "fields": {"created_at": "2016-07-18T19:55:59.152Z", "updated_at": "2016-07-18T19:55:59.152Z", "creator": 1, "title": "California Competes Tax Credit", "personal_investment": false, "existing_business": null, "small_business": false, "agency": 11, "benefit_types": [1], "industries": [], "purposes": []}}, {"model": "wealthmap.opportunity", "pk": 18, "fields": {"created_at": "2016-07-18T19:55:59.152Z", "updated_at": "2016-07-18T19:55:59.152Z", "creator": 1, "title": "Business Specialist", "personal_investment": false, "existing_business": null, "small_business": false, "agency": 11, "benefit_types": [2], "industries": [], "purposes": []}}, {"model": "wealthmap.opportunity", "pk": 19, "fields": {"created_at": "2016-07-18T19:55:59.152Z", "updated_at": "2016-07-18T19:55:59.152Z", "creator": 1, "title": "Site Selection Assistance", "personal_investment": false, "existing_business": null, "small_business": false, "agency": 11, "benefit_types": [2], "industries": [], "purposes": []}}, {"model": "wealthmap.opportunity", "pk": 20, "fields": {"created_at": "2016-07-18T19:55:59.152Z", "updated_at": "2016-07-19T22:51:28.645Z", "creator": 1, "title": "Permit Assistance", "personal_investment": false, "existing_business": null, "small_business": false, "agency": 11, "benefit_types": [2], "industries": [], "purposes": []}}, {"model": "wealthmap.opportunity", "pk": 21, "fields": {"created_at": "2016-07-18T19:55:59.152Z", "updated_at": "2016-07-19T22:50:18.639Z", "creator": 1, "title": "10000 Small Businesses", "personal_investment": false, "existing_business": "existing", "small_business": true, "agency": 12, "benefit_types": [2], "industries": [], "purposes": []}}, {"model": "wealthmap.opportunity", "pk": 25, "fields": {"created_at": "2016-07-18T19:55:59.152Z", "updated_at": "2016-11-07T21:48:12.065Z", "creator": 1, "title": "LINC", "personal_investment": true, "existing_business": null, "small_business": false, "agency": 16, "benefit_types": [1], "industries": [5, 6, 7, 8, 9, 1, 2, 3, 4], "purposes": []}}, {"model": "wealthmap.opportunity", "pk": 26, "fields": {"created_at": "2016-07-18T19:55:59.152Z", "updated_at": "2016-11-07T21:48:48.870Z", "creator": 1, "title": "Economic Injury Disaster Loans", "personal_investment": false, "existing_business": null, "small_business": true, "agency": 16, "benefit_types": [1], "industries": [2], "purposes": [5]}}, {"model": "wealthmap.opportunity", "pk": 27, "fields": {"created_at": "2016-07-18T19:55:59.152Z", "updated_at": "2016-11-07T21:49:58.824Z", "creator": 1, "title": "CDC/504", "personal_investment": false, "existing_business": null, "small_business": true, "agency": 16, "benefit_types": [1], "industries": [5, 6, 7, 8, 9, 1, 2, 3, 4], "purposes": [3]}}, {"model": "wealthmap.opportunity", "pk": 28, "fields": {"created_at": "2016-07-18T19:55:59.152Z", "updated_at": "2016-11-08T00:26:52.683Z", "creator": 1, "title": "Mentoring", "personal_investment": false, "existing_business": null, "small_business": false, "agency": 17, "benefit_types": [2], "industries": [5, 6, 7, 8, 9, 1, 2, 3, 4], "purposes": []}}, {"model": "wealthmap.opportunity", "pk": 30, "fields": {"created_at": "2016-07-18T19:55:59.152Z", "updated_at": "2016-07-19T22:32:43.237Z", "creator": 1, "title": "Replacing Underground Storage Tank (RUST) Loan Program", "personal_investment": false, "existing_business": null, "small_business": true, "agency": 19, "benefit_types": [1], "industries": [4], "purposes": []}}, {"model": "wealthmap.opportunity", "pk": 31, "fields": {"created_at": "2016-07-18T19:55:59.152Z", "updated_at": "2016-07-19T22:29:48.647Z", "creator": 1, "title": "Surety Bond", "personal_investment": false, "existing_business": "existing", "small_business": true, "agency": 19, "benefit_types": [1], "industries": [4], "purposes": []}}, {"model": "wealthmap.opportunity", "pk": 32, "fields": {"created_at": "2016-07-18T19:55:59.152Z", "updated_at": "2016-07-19T22:27:52.703Z", "creator": 1, "title": "New Employment Credit (NEC)", "personal_investment": false, "existing_business": null, "small_business": true, "agency": 20, "benefit_types": [1], "industries": [], "purposes": [1]}}, {"model": "wealthmap.opportunity", "pk": 33, "fields": {"created_at": "2016-07-18T19:55:59.152Z", "updated_at": "2016-11-07T21:53:32.905Z", "creator": 1, "title": "Value Added Producer Grants", "personal_investment": true, "existing_business": "existing", "small_business": false, "agency": 1, "benefit_types": [1], "industries": [2], "purposes": [7]}}, {"model": "wealthmap.opportunity", "pk": 34, "fields": {"created_at": "2016-07-18T19:55:59.152Z", "updated_at": "2016-11-07T21:54:12.381Z", "creator": 1, "title": "Emergency Farm Loans", "personal_investment": false, "existing_business": "existing", "small_business": false, "agency": 1, "benefit_types": [1], "industries": [2], "purposes": [5]}}, {"model": "wealthmap.opportunity", "pk": 35, "fields": {"created_at": "2016-07-18T19:55:59.152Z", "updated_at": "2016-11-07T21:51:11.118Z", "creator": 1, "title": "State Trade Expansion Program (STEP)", "personal_investment": false, "existing_business": "existing", "small_business": true, "agency": 16, "benefit_types": [2], "industries": [5, 6, 7, 8, 9, 1, 2, 3, 4], "purposes": [4]}}, {"model": "wealthmap.opportunity", "pk": 37, "fields": {"created_at": "2016-08-05T22:26:09.087Z", "updated_at": "2016-08-05T22:26:09.087Z", "creator": 1, "title": "Economic Development Loan Programs", "personal_investment": true, "existing_business": null, "small_business": false, "agency": 21, "benefit_types": [1], "industries": [], "purposes": [3, 1, 2, 4, 5]}}, {"model": "wealthmap.opportunity", "pk": 39, "fields": {"created_at": "2016-10-26T23:12:39.486Z", "updated_at": "2016-10-27T22:38:56.394Z", "creator": 1, "title": "Small Business Enhancement", "personal_investment": false, "existing_business": null, "small_business": true, "agency": 23, "benefit_types": [1], "industries": [5, 6, 7, 8, 9, 1, 2, 3, 4], "purposes": [7]}}, {"model": "wealthmap.opportunity", "pk": 40, "fields": {"created_at": "2016-10-26T23:29:48.747Z", "updated_at": "2016-10-26T23:29:48.748Z", "creator": 1, "title": "Business & Industry Incentive Program", "personal_investment": false, "existing_business": null, "small_business": true, "agency": 23, "benefit_types": [1], "industries": [5, 6, 7, 8, 9, 1, 2, 3, 4], "purposes": [9]}}, {"model": "wealthmap.opportunity", "pk": 41, "fields": {"created_at": "2016-10-26T23:41:36.884Z", "updated_at": "2016-10-27T22:39:21.389Z", "creator": 1, "title": "Business Cooperation Program", "personal_investment": false, "existing_business": null, "small_business": false, "agency": 23, "benefit_types": [1], "industries": [5, 6, 7, 8, 9, 1, 2, 3, 4], "purposes": [9]}}, {"model": "wealthmap.opportunity", "pk": 42, "fields": {"created_at": "2016-10-26T23:46:48.840Z", "updated_at": "2016-10-26T23:46:48.841Z", "creator": 1, "title": "Guaranteed Water for Industry Program", "personal_investment": false, "existing_business": "existing", "small_business": false, "agency": 23, "benefit_types": [1], "industries": [1], "purposes": [9]}}, {"model": "wealthmap.opportunity", "pk": 43, "fields": {"created_at": "2016-10-27T02:00:58.280Z", "updated_at": "2016-10-27T02:00:58.280Z", "creator": 1, "title": "Cleantech Initiative", "personal_investment": false, "existing_business": null, "small_business": false, "agency": 23, "benefit_types": [1], "industries": [5, 6, 7, 8, 9, 1, 2, 3], "purposes": [1]}}, {"model": "wealthmap.opportunity", "pk": 44, "fields": {"created_at": "2016-10-27T02:05:48.241Z", "updated_at": "2016-10-27T02:05:48.241Z", "creator": 1, "title": "EPA Brownfields Assessment Grant", "personal_investment": false, "existing_business": null, "small_business": false, "agency": 23, "benefit_types": [1], "industries": [5, 6, 7, 8, 9, 1, 2, 3], "purposes": [7]}}, {"model": "wealthmap.opportunity", "pk": 45, "fields": {"created_at": "2016-10-27T14:05:57.700Z", "updated_at": "2016-10-27T14:05:57.700Z", "creator": 1, "title": "Foreign-Trade Zones Program", "personal_investment": false, "existing_business": null, "small_business": false, "agency": 23, "benefit_types": [1], "industries": [8, 9, 1], "purposes": [7]}}, {"model": "wealthmap.opportunity", "pk": 46, "fields": {"created_at": "2016-10-27T14:15:33.750Z", "updated_at": "2016-10-27T14:15:33.750Z", "creator": 1, "title": "New Employment Hiring Credit", "personal_investment": false, "existing_business": null, "small_business": false, "agency": 23, "benefit_types": [1], "industries": [5, 6, 7, 8, 9, 1, 2, 3], "purposes": [9]}}, {"model": "wealthmap.opportunity", "pk": 47, "fields": {"created_at": "2016-10-27T14:22:05.128Z", "updated_at": "2016-10-27T14:22:05.128Z", "creator": 1, "title": "Partial Sales & Use Tax Exemption Incentive", "personal_investment": false, "existing_business": "existing", "small_business": false, "agency": 23, "benefit_types": [1], "industries": [6, 1, 4], "purposes": [9]}}, {"model": "wealthmap.opportunity", "pk": 48, "fields": {"created_at": "2016-10-27T14:23:33.713Z", "updated_at": "2016-10-27T14:23:33.713Z", "creator": 1, "title": "San Diego Permit Assistance", "personal_investment": false, "existing_business": null, "small_business": false, "agency": 23, "benefit_types": [2], "industries": [5, 6, 7, 8, 9, 1, 2, 3, 4], "purposes": [6]}}, {"model": "wealthmap.opportunity", "pk": 49, "fields": {"created_at": "2016-10-27T14:28:37.332Z", "updated_at": "2016-10-27T14:28:37.332Z", "creator": 1, "title": "San Diego Map of Incubators & Accelerators", "personal_investment": false, "existing_business": "new", "small_business": true, "agency": 23, "benefit_types": [2], "industries": [5, 7, 4], "purposes": [4]}}, {"model": "wealthmap.opportunity", "pk": 50, "fields": {"created_at": "2016-10-27T22:37:02.321Z", "updated_at": "2016-10-27T22:37:02.321Z", "creator": 1, "title": "East Village Association, Inc.", "personal_investment": false, "existing_business": null, "small_business": false, "agency": 24, "benefit_types": [2], "industries": [5, 6, 7, 8, 9, 1, 2, 3, 4], "purposes": []}}, {"model": "wealthmap.opportunity", "pk": 51, "fields": {"created_at": "2016-10-27T22:42:40.211Z", "updated_at": "2016-10-27T22:42:40.211Z", "creator": 1, "title": "Adams Avenue Business Association", "personal_investment": false, "existing_business": null, "small_business": false, "agency": 25, "benefit_types": [2], "industries": [5, 6, 7, 8, 9, 1, 2, 3, 4], "purposes": []}}, {"model": "wealthmap.opportunity", "pk": 52, "fields": {"created_at": "2016-10-27T22:52:22.494Z", "updated_at": "2016-10-27T22:52:22.494Z", "creator": 1, "title": "City Heights Business Association", "personal_investment": false, "existing_business": null, "small_business": false, "agency": 26, "benefit_types": [2], "industries": [5, 6, 7, 8, 9, 1, 2, 3, 4], "purposes": []}}, {"model": "wealthmap.opportunity", "pk": 53, "fields": {"created_at": "2016-10-27T23:08:51.379Z", "updated_at": "2016-10-27T23:08:51.379Z", "creator": 1, "title": "College Area Business District", "personal_investment": false, "existing_business": null, "small_business": false, "agency": 27, "benefit_types": [2], "industries": [5, 6, 7, 8, 9, 1, 2, 3, 4], "purposes": []}}, {"model": "wealthmap.opportunity", "pk": 54, "fields": {"created_at": "2016-10-28T19:34:41.580Z", "updated_at": "2016-10-28T19:34:41.580Z", "creator": 1, "title": "Storefront Improvement Program", "personal_investment": true, "existing_business": null, "small_business": false, "agency": 23, "benefit_types": [1, 2], "industries": [5, 6, 7, 8, 9, 1, 2, 3, 4], "purposes": [7, 11]}}, {"model": "wealthmap.opportunity", "pk": 55, "fields": {"created_at": "2016-10-28T19:42:23.077Z", "updated_at": "2016-10-28T19:42:23.077Z", "creator": 1, "title": "Accion", "personal_investment": true, "existing_business": null, "small_business": false, "agency": 28, "benefit_types": [1, 2], "industries": [5, 6, 7, 8, 9, 1, 2, 3, 4], "purposes": [4, 8]}}, {"model": "wealthmap.opportunity", "pk": 56, "fields": {"created_at": "2016-10-31T15:07:33.299Z", "updated_at": "2016-10-31T15:07:33.299Z", "creator": 1, "title": "LISC", "personal_investment": false, "existing_business": null, "small_business": false, "agency": 29, "benefit_types": [1, 2], "industries": [5, 6, 7, 8, 9, 1, 2, 3, 4], "purposes": [7, 4, 8]}}, {"model": "wealthmap.opportunity", "pk": 57, "fields": {"created_at": "2016-10-31T15:16:03.330Z", "updated_at": "2016-10-31T15:16:03.330Z", "creator": 1, "title": "California Restaurant Association - San Diego", "personal_investment": false, "existing_business": null, "small_business": false, "agency": 30, "benefit_types": [2], "industries": [5], "purposes": []}}, {"model": "wealthmap.opportunity", "pk": 58, "fields": {"created_at": "2016-10-31T15:21:07.530Z", "updated_at": "2016-10-31T15:21:07.530Z", "creator": 1, "title": "Civic San Diego", "personal_investment": false, "existing_business": null, "small_business": false, "agency": 31, "benefit_types": [2], "industries": [5, 6, 7, 8, 9, 1, 2, 3, 4], "purposes": [7, 2, 6]}}, {"model": "wealthmap.opportunity", "pk": 59, "fields": {"created_at": "2016-10-31T15:25:46.311Z", "updated_at": "2016-10-31T15:25:46.311Z", "creator": 1, "title": "Tech Coast Angels", "personal_investment": false, "existing_business": "new", "small_business": true, "agency": 32, "benefit_types": [1], "industries": [5, 6, 7, 8, 9, 1, 2, 3, 4], "purposes": [4, 8]}}, {"model": "wealthmap.opportunity", "pk": 60, "fields": {"created_at": "2016-10-31T15:30:35.826Z", "updated_at": "2016-10-31T15:30:35.826Z", "creator": 1, "title": "San Diego Regional Economic Development Corporation", "personal_investment": false, "existing_business": null, "small_business": false, "agency": 33, "benefit_types": [2], "industries": [5, 6, 7, 8, 9, 1, 2, 3, 4], "purposes": [4]}}, {"model": "wealthmap.opportunitysearch", "pk": 134, "fields": {"created_at": "2016-10-07T20:47:00.330Z", "updated_at": "2016-10-11T19:36:34.748Z", "personal_investment": true, "existing_business": "existing", "small_business": true, "view_count": 8, "industries": [2], "purposes": [1]}}, {"model": "wealthmap.opportunitysearch", "pk": 135, "fields": {"created_at": "2016-10-11T21:38:33.575Z", "updated_at": "2016-10-27T01:26:44.303Z", "personal_investment": true, "existing_business": "new", "small_business": true, "view_count": 9, "industries": [4], "purposes": [4]}}, {"model": "wealthmap.opportunitysearch", "pk": 136, "fields": {"created_at": "2016-10-27T01:33:25.638Z", "updated_at": "2016-10-27T01:53:02.024Z", "personal_investment": true, "existing_business": "", "small_business": true, "view_count": 6, "industries": [5, 6, 7, 8, 9, 1, 2, 3], "purposes": [7, 3, 1, 2, 6, 4, 5, 8, 9]}}]